username,password
user_QJFKP,Jx8rP2vA91
user_LZMDU,Vt7Kz48LmQw
user_AXRPE,Qy5pN93dTuA
user_PWQNB,Lz4Vt81PqMw
user_HCKJS,Np9Fk42AaJs
user_ZTRQA,Bx3Mn72LfQz
user_KVYUM,Hy8Qk15PwXx
user_MAFJL,Rt6Dn93KbLv
user_WQZHE,Gm4Pz87NxQs
user_SBXUD,Lc9Kw21RdFg
user_FRNKV,Uz7Qa54LpMg
user_UWHPD,Op5Fm82QwLs
user_JTQAZ,Hz9Ls63PkVt
user_GRYKC,Bv2Qk88LmDf
user_QEUMP,Nx6Cv25RqTb
user_CJXAL,Yz7Bn91GtKw
user_ZBKWM,Wx3Pd76JrQf
user_UNZRC,Sa8Km58LtDe
user_LKTYR,Pp9Rb34NcVz
user_JDHEU,Vl5Qc92JwTs
user_PXQFM,Fm6Pa47BrHy
user_TWZLC,Rx4Gt89FpVq
user_DSMYP,Kd7Wp63NzJl
user_BJRAH,Lb1Qy84MvXq
user_HXKTD,Yx5Jn72WkQz
user_KBFLQ,Fq8Gt49NpRy
user_MWQST,Rs6Cv33DsUw
user_VRCUH,Gz9Lm45HtPw
user_YEJXN,Xv2Hp87QmDz
user_DQWMA,Ck7Pl64RsMn
user_ZAFRN,Qs3Zd91GtPv
user_GTPLE,Kr5Ny22VbQw
user_RSQVI,Ls9Cd73FmXp
user_CXJMG,Bh4Pt68NkAz
user_WLANQ,Hm8Fq95LsJk
user_MKZEB,Gn6Db41QpTr
user_SHPUX,Jr9Ls52XcVw
user_FQJBT,Np1Vz88KtQd
user_XMDER,Fz7Yk63CnJv
user_JWZKH,Ds4Pn92QmTx
user_BFQNT,Hp8Lt71BwQk
user_PMKAS,Uc5Vg39LqTf
user_TJXCR,Pz9Rw28KfMn
user_NHGBX,Lv3Ty84MsQw
user_AZKPU,Kt6Nj57WpBr
user_LPQSH,Rq2Cd93XfGt
user_CJZKM,Hs8Mp41DlVx
user_VHTQE,Zm5Kw77BtPs
user_QXANB,Yc7Lp36RmFz
user_SDMKJ,Pw8Br45QzKs
user_FYZCT,Db4Hx61MaPv
user_WQGLV,Tp9Kt28LsQm
user_ETBUN,Hf6Vr55QxNj
user_KPSJX,Gx7Zn94MwTf
user_ZRMAB,Bt2Qp85NkHx
user_LJVQC,Vm8Br63QwDz
user_HUXDP,Cc5Tw44LsMn
user_GQYHS,Rp7Nx99JtQf
user_JNRMV,Fx3Ps68MkLt
user_TVCQA,Yn6Rv11BpQx
user_MXZPL,Pk9Hc27WmFs
user_SQBHE,Gv4Lx52RnQm
user_RJXUG,Lt8Kp33WzDb
user_ACQNL,Jx1Mn95QvKs
user_PWHZC,Aw6Rb71DkLp
user_KGDFX,Ue9Hp24QmNr
user_VNXEQ,Yp5Gt63LsHw
user_ZYHMA,Rx7Nc54KwQv
user_MWTBJ,Sv3Qf92LmDt
user_DQZUX,Fm8Np11QyJk
user_RCPYE,Tx2Ld78RvMq
user_FJKTB,Hn6Pw45KsDz
user_XEALC,Gb9Tr22LmFh
user_WPKND,Zv1Cs89JtPr
user_ATRQV,Lq8Fn56HwMz
user_CJAMX,Fx3Qk74RpLd
user_JKZQD,Wp7Mn91DvHz
user_PVXLM,Vz6Rk42HmQp
user_HGFNI,Km4Pq68LsBy
user_TQZUA,Fr9Tv31XcNq
user_UCMRY,Nx5Kw82DrLz
user_QBGTL,Hs2Qm97WvCt
user_MJFUD,Bk8Pt53QaLn
user_ZLXHP,Pm7Gt49DbVx
user_WTCFB,Cx3Rn66WqPs
user_VDKMQ,Lj9Hb21FvKt
user_NZGCP,Vp5Kc73LmDx
user_LARFX,Sw8Pn47QyHb
user_GQFUM,Jl6Rz88VwQp
user_EWZKP,Rt4Ny55MbXc
user_KMHYQ,Hg2Fs93PzLn
user_TNFUC,Qw7Ld24KmHv
user_CYPAX,Bp9Vt81XfQr
user_RKJZE,Ym6Cn58WzTp
user_JMXYA,Uc3Lq69BrVs
user_DZPLK,Fn1Xt47QwMb
user_PXKRU,Hp8Qv33NsDz
user_SGBLH,Kz5Rn96WmCt
user_WZTNV,Zq7Dp41FtHx
user_HYQMB,Xv9Jc28LkPs